PassengerId,Survived,Pclass,Age,SibSp,Parch,Fare,FamilySize,IsAlone,HasCabin,Sex_Encoded,Embarked_Encoded,Title_Encoded,AgeGroup_Encoded,FareBin_Encoded
1,0,3,22.0,1,0,7.25,2,0,0,1,2,2,0,1
2,1,1,38.0,1,0,71.2833,2,0,1,0,0,3,2,3
3,1,3,26.0,0,0,7.925,1,1,0,0,2,1,0,2
4,1,1,35.0,1,0,53.1,2,0,1,0,2,3,0,3
5,0,3,35.0,0,0,8.05,1,1,0,1,2,2,0,2
6,0,3,26.0,0,0,8.4583,1,1,0,1,1,2,0,2
7,0,1,54.0,0,0,51.8625,1,1,1,1,2,2,2,3
8,0,3,2.0,3,1,21.075,5,0,0,1,2,0,1,0
9,1,3,27.0,0,2,11.1333,3,0,0,0,2,3,0,2
10,1,2,14.0,1,0,30.0708,2,0,0,0,0,3,4,0
11,1,3,4.0,1,1,16.7,3,0,1,0,2,1,1,0
12,1,1,58.0,0,0,26.55,1,1,1,0,2,1,2,0
13,0,3,20.0,0,0,8.05,1,1,0,1,2,2,0,2
14,0,3,39.0,1,5,31.275,7,0,0,1,2,2,2,3
15,0,3,14.0,0,0,7.8542,1,1,0,0,2,1,4,1
16,1,2,55.0,0,0,16.0,1,1,0,0,2,3,2,0
17,0,3,2.0,4,1,29.125,6,0,0,1,1,0,1,0
18,1,2,31.0,0,0,13.0,1,1,0,1,2,2,0,2
19,0,3,31.0,1,0,18.0,2,0,0,0,2,3,0,0
20,1,3,31.0,0,0,7.225,1,1,0,0,0,3,0,1
21,0,2,35.0,0,0,26.0,1,1,0,1,2,2,0,0
22,1,2,34.0,0,0,13.0,1,1,1,1,2,2,0,2
23,1,3,15.0,0,0,8.0292,1,1,0,0,1,1,4,2
24,1,1,28.0,0,0,35.5,1,1,1,1,2,2,0,3
25,0,3,8.0,3,1,21.075,5,0,0,0,2,1,1,0
26,1,3,38.0,1,5,31.3875,7,0,0,0,2,3,2,3
27,0,3,26.0,0,0,7.225,1,1,0,1,0,2,0,1
28,0,1,19.0,3,2,263.0,6,0,1,1,2,2,0,3
29,1,3,18.0,0,0,7.8792,1,1,0,0,1,1,4,1
30,0,3,26.0,0,0,7.8958,1,1,0,1,2,2,0,1
31,0,1,40.0,0,0,27.7208,1,1,0,1,0,4,2,0
32,1,1,40.0,1,0,146.5208,2,0,1,0,0,3,2,3
33,1,3,18.0,0,0,7.75,1,1,0,0,1,1,4,1
34,0,2,66.0,0,0,10.5,1,1,0,1,2,2,3,2
35,0,1,28.0,1,0,82.1708,2,0,0,1,0,2,0,3
36,0,1,42.0,1,0,52.0,2,0,0,1,2,2,2,3
37,1,3,26.0,0,0,7.2292,1,1,0,1,0,2,0,1
38,0,3,21.0,0,0,8.05,1,1,0,1,2,2,0,2
39,0,3,18.0,2,0,18.0,3,0,0,0,2,1,4,0
40,1,3,14.0,1,0,11.2417,2,0,0,0,0,1,4,2
41,0,3,40.0,1,0,9.475,2,0,0,0,2,3,2,2
42,0,2,27.0,1,0,21.0,2,0,0,0,2,3,0,0
43,0,3,26.0,0,0,7.8958,1,1,0,1,0,2,0,1
44,1,2,3.0,1,2,41.5792,4,0,0,0,0,1,1,3
45,1,3,19.0,0,0,7.8792,1,1,0,0,1,1,0,1
46,0,3,26.0,0,0,8.05,1,1,0,1,2,2,0,2
47,0,3,26.0,1,0,15.5,2,0,0,1,1,2,0,0
48,1,3,18.0,0,0,7.75,1,1,0,0,1,1,4,1
49,0,3,26.0,2,0,21.6792,3,0,0,1,0,2,0,0
50,0,3,18.0,1,0,17.8,2,0,0,0,2,3,4,0
51,0,3,7.0,4,1,39.6875,6,0,0,1,2,0,1,3
52,0,3,21.0,0,0,7.8,1,1,0,1,2,2,0,1
53,1,1,49.0,1,0,76.7292,2,0,1,0,0,3,2,3
54,1,2,29.0,1,0,26.0,2,0,0,0,2,3,0,0
55,0,1,65.0,0,1,61.9792,2,0,1,1,0,2,3,3
56,1,1,40.0,0,0,35.5,1,1,1,1,2,2,2,3
57,1,2,21.0,0,0,10.5,1,1,0,0,2,1,0,2
58,0,3,28.5,0,0,7.2292,1,1,0,1,0,2,0,1
59,1,2,5.0,1,2,27.75,4,0,0,0,2,1,1,0
60,0,3,11.0,5,2,46.9,8,0,0,1,2,0,1,3
61,0,3,22.0,0,0,7.2292,1,1,0,1,0,2,0,1
62,1,1,38.0,0,0,80.0,1,1,1,0,2,1,2,3
63,0,1,45.0,1,0,83.475,2,0,1,1,2,2,2,3
64,0,3,4.0,3,2,27.9,6,0,0,1,2,0,1,0
65,0,1,40.0,0,0,27.7208,1,1,0,1,0,2,2,0
66,1,3,4.0,1,1,15.2458,3,0,0,1,0,0,1,0
67,1,2,29.0,0,0,10.5,1,1,1,0,2,3,0,2
68,0,3,19.0,0,0,8.1583,1,1,0,1,2,2,0,2
69,1,3,17.0,4,2,7.925,7,0,0,0,2,1,4,2
70,0,3,26.0,2,0,8.6625,3,0,0,1,2,2,0,2
71,0,2,32.0,0,0,10.5,1,1,0,1,2,2,0,2
72,0,3,16.0,5,2,46.9,8,0,0,0,2,1,4,3
73,0,2,21.0,0,0,73.5,1,1,0,1,2,2,0,3
74,0,3,26.0,1,0,14.4542,2,0,0,1,0,2,0,2
75,1,3,32.0,0,0,56.4958,1,1,0,1,2,2,0,3
76,0,3,25.0,0,0,7.65,1,1,1,1,2,2,0,1
77,0,3,26.0,0,0,7.8958,1,1,0,1,2,2,0,1
78,0,3,26.0,0,0,8.05,1,1,0,1,2,2,0,2
79,1,2,0.83,0,2,29.0,3,0,0,1,2,0,1,0
80,1,3,30.0,0,0,12.475,1,1,0,0,2,1,0,2
81,0,3,22.0,0,0,9.0,1,1,0,1,2,2,0,2
82,1,3,29.0,0,0,9.5,1,1,0,1,2,2,0,2
83,1,3,18.0,0,0,7.7875,1,1,0,0,1,1,4,1
84,0,1,28.0,0,0,47.1,1,1,0,1,2,2,0,3
85,1,2,17.0,0,0,10.5,1,1,0,0,2,1,4,2
86,1,3,33.0,3,0,15.85,4,0,0,0,2,3,0,0
87,0,3,16.0,1,3,34.375,5,0,0,1,2,2,4,3
88,0,3,26.0,0,0,8.05,1,1,0,1,2,2,0,2
89,1,1,23.0,3,2,263.0,6,0,1,0,2,1,0,3
90,0,3,24.0,0,0,8.05,1,1,0,1,2,2,0,2
91,0,3,29.0,0,0,8.05,1,1,0,1,2,2,0,2
92,0,3,20.0,0,0,7.8542,1,1,0,1,2,2,0,1
93,0,1,46.0,1,0,61.175,2,0,1,1,2,2,2,3
94,0,3,26.0,1,2,20.575,4,0,0,1,2,2,0,0
95,0,3,59.0,0,0,7.25,1,1,0,1,2,2,2,1
96,0,3,26.0,0,0,8.05,1,1,0,1,2,2,0,2
97,0,1,71.0,0,0,34.6542,1,1,1,1,0,2,3,3
98,1,1,23.0,0,1,63.3583,2,0,1,1,0,2,0,3
99,1,2,34.0,0,1,23.0,2,0,0,0,2,3,0,0
100,0,2,34.0,1,0,26.0,2,0,0,1,2,2,0,0
101,0,3,28.0,0,0,7.8958,1,1,0,0,2,1,0,1
102,0,3,26.0,0,0,7.8958,1,1,0,1,2,2,0,1
103,0,1,21.0,0,1,77.2875,2,0,1,1,2,2,0,3
104,0,3,33.0,0,0,8.6542,1,1,0,1,2,2,0,2
105,0,3,37.0,2,0,7.925,3,0,0,1,2,2,2,2
106,0,3,28.0,0,0,7.8958,1,1,0,1,2,2,0,1
107,1,3,21.0,0,0,7.65,1,1,0,0,2,1,0,1
108,1,3,26.0,0,0,7.775,1,1,0,1,2,2,0,1
109,0,3,38.0,0,0,7.8958,1,1,0,1,2,2,2,1
110,1,3,18.0,1,0,24.15,2,0,0,0,1,1,4,0
111,0,1,47.0,0,0,52.0,1,1,1,1,2,2,2,3
112,0,3,14.5,1,0,14.4542,2,0,0,0,0,1,4,2
113,0,3,22.0,0,0,8.05,1,1,0,1,2,2,0,2
114,0,3,20.0,1,0,9.825,2,0,0,0,2,1,0,2
115,0,3,17.0,0,0,14.4583,1,1,0,0,0,1,4,0
116,0,3,21.0,0,0,7.925,1,1,0,1,2,2,0,2
117,0,3,70.5,0,0,7.75,1,1,0,1,1,2,3,1
118,0,2,29.0,1,0,21.0,2,0,0,1,2,2,0,0
119,0,1,24.0,0,1,247.5208,2,0,1,1,0,2,0,3
120,0,3,2.0,4,2,31.275,7,0,0,0,2,1,1,3
121,0,2,21.0,2,0,73.5,3,0,0,1,2,2,0,3
122,0,3,26.0,0,0,8.05,1,1,0,1,2,2,0,2
123,0,2,32.5,1,0,30.0708,2,0,0,1,0,2,0,0
124,1,2,32.5,0,0,13.0,1,1,1,0,2,1,0,2
125,0,1,54.0,0,1,77.2875,2,0,1,1,2,2,2,3
126,1,3,12.0,1,0,11.2417,2,0,0,1,0,0,1,2
127,0,3,26.0,0,0,7.75,1,1,0,1,1,2,0,1
128,1,3,24.0,0,0,7.1417,1,1,0,1,2,2,0,1
129,1,3,18.0,1,1,22.3583,3,0,1,0,0,1,4,0
130,0,3,45.0,0,0,6.975,1,1,0,1,2,2,2,1
131,0,3,33.0,0,0,7.8958,1,1,0,1,0,2,0,1
132,0,3,20.0,0,0,7.05,1,1,0,1,2,2,0,1
133,0,3,47.0,1,0,14.5,2,0,0,0,2,3,2,0
134,1,2,29.0,1,0,26.0,2,0,0,0,2,3,0,0
135,0,2,25.0,0,0,13.0,1,1,0,1,2,2,0,2
136,0,2,23.0,0,0,15.0458,1,1,0,1,0,2,0,0
137,1,1,19.0,0,2,26.2833,3,0,1,0,2,1,0,0
138,0,1,37.0,1,0,53.1,2,0,1,1,2,2,2,3
139,0,3,16.0,0,0,9.2167,1,1,0,1,2,2,4,2
140,0,1,24.0,0,0,79.2,1,1,1,1,0,2,0,3
141,0,3,31.0,0,2,15.2458,3,0,0,0,0,3,0,0
142,1,3,22.0,0,0,7.75,1,1,0,0,2,1,0,1
143,1,3,24.0,1,0,15.85,2,0,0,0,2,3,0,0
144,0,3,19.0,0,0,6.75,1,1,0,1,1,2,0,1
145,0,2,18.0,0,0,11.5,1,1,0,1,2,2,4,2
146,0,2,19.0,1,1,36.75,3,0,0,1,2,2,0,3
147,1,3,27.0,0,0,7.7958,1,1,0,1,2,2,0,1
148,0,3,9.0,2,2,34.375,5,0,0,0,2,1,1,3
149,0,2,36.5,0,2,26.0,3,0,1,1,2,2,2,0
150,0,2,42.0,0,0,13.0,1,1,0,1,2,4,2,2
151,0,2,51.0,0,0,12.525,1,1,0,1,2,4,2,2
152,1,1,22.0,1,0,66.6,2,0,1,0,2,3,0,3
153,0,3,55.5,0,0,8.05,1,1,0,1,2,2,2,2
154,0,3,40.5,0,2,14.5,3,0,0,1,2,2,2,0
155,0,3,26.0,0,0,7.3125,1,1,0,1,2,2,0,1
156,0,1,51.0,0,1,61.3792,2,0,0,1,0,2,2,3
157,1,3,16.0,0,0,7.7333,1,1,0,0,1,1,4,1
158,0,3,30.0,0,0,8.05,1,1,0,1,2,2,0,2
159,0,3,26.0,0,0,8.6625,1,1,0,1,2,2,0,2
160,0,3,4.0,8,2,69.55,11,0,0,1,2,0,1,3
161,0,3,44.0,0,1,16.1,2,0,0,1,2,2,2,0
162,1,2,40.0,0,0,15.75,1,1,0,0,2,3,2,0
163,0,3,26.0,0,0,7.775,1,1,0,1,2,2,0,1
164,0,3,17.0,0,0,8.6625,1,1,0,1,2,2,4,2
165,0,3,1.0,4,1,39.6875,6,0,0,1,2,0,1,3
166,1,3,9.0,0,2,20.525,3,0,0,1,2,0,1,0
167,1,1,40.0,0,1,55.0,2,0,1,0,2,3,2,3
168,0,3,45.0,1,4,27.9,6,0,0,0,2,3,2,0
169,0,1,40.0,0,0,25.925,1,1,0,1,2,2,2,0
170,0,3,28.0,0,0,56.4958,1,1,0,1,2,2,0,3
171,0,1,61.0,0,0,33.5,1,1,1,1,2,2,3,3
172,0,3,4.0,4,1,29.125,6,0,0,1,1,0,1,0
173,1,3,1.0,1,1,11.1333,3,0,0,0,2,1,1,2
174,0,3,21.0,0,0,7.925,1,1,0,1,2,2,0,2
175,0,1,56.0,0,0,30.6958,1,1,1,1,0,2,2,0
176,0,3,18.0,1,1,7.8542,3,0,0,1,2,2,4,1
177,0,3,4.0,3,1,25.4667,5,0,0,1,2,0,1,0
178,0,1,50.0,0,0,28.7125,1,1,1,0,0,1,2,0
179,0,2,30.0,0,0,13.0,1,1,0,1,2,2,0,2
180,0,3,36.0,0,0,0.0,1,1,0,1,2,2,2,1
181,0,3,18.0,8,2,69.55,11,0,0,0,2,1,4,3
182,0,2,31.0,0,0,15.05,1,1,0,1,0,2,0,0
183,0,3,9.0,4,2,31.3875,7,0,0,1,2,0,1,3
184,1,2,1.0,2,1,39.0,4,0,1,1,2,0,1,3
185,1,3,4.0,0,2,22.025,3,0,0,0,2,1,1,0
186,0,1,40.0,0,0,50.0,1,1,1,1,2,2,2,3
187,1,3,31.0,1,0,15.5,2,0,0,0,1,3,0,0
188,1,1,45.0,0,0,26.55,1,1,0,1,2,2,2,0
189,0,3,40.0,1,1,15.5,3,0,0,1,1,2,2,0
190,0,3,36.0,0,0,7.8958,1,1,0,1,2,2,2,1
191,1,2,32.0,0,0,13.0,1,1,0,0,2,3,0,2
192,0,2,19.0,0,0,13.0,1,1,0,1,2,2,0,2
193,1,3,19.0,1,0,7.8542,2,0,0,0,2,1,0,1
194,1,2,3.0,1,1,26.0,3,0,1,1,2,0,1,0
195,1,1,44.0,0,0,27.7208,1,1,1,0,0,3,2,0
196,1,1,58.0,0,0,146.5208,1,1,1,0,0,1,2,3
197,0,3,26.0,0,0,7.75,1,1,0,1,1,2,0,1
198,0,3,42.0,0,1,8.4042,2,0,0,1,2,2,2,2
199,1,3,18.0,0,0,7.75,1,1,0,0,1,1,4,1
200,0,2,24.0,0,0,13.0,1,1,0,0,2,1,0,2
201,0,3,28.0,0,0,9.5,1,1,0,1,2,2,0,2
202,0,3,26.0,8,2,69.55,11,0,0,1,2,2,0,3
203,0,3,34.0,0,0,6.4958,1,1,0,1,2,2,0,1
204,0,3,45.5,0,0,7.225,1,1,0,1,0,2,2,1
205,1,3,18.0,0,0,8.05,1,1,0,1,2,2,4,2
206,0,3,2.0,0,1,10.4625,2,0,1,0,2,1,1,2
207,0,3,32.0,1,0,15.85,2,0,0,1,2,2,0,0
208,1,3,26.0,0,0,18.7875,1,1,0,1,0,2,0,0
209,1,3,16.0,0,0,7.75,1,1,0,0,1,1,4,1
210,1,1,40.0,0,0,31.0,1,1,1,1,0,2,2,0
211,0,3,24.0,0,0,7.05,1,1,0,1,2,2,0,1
212,1,2,35.0,0,0,21.0,1,1,0,0,2,1,0,0
213,0,3,22.0,0,0,7.25,1,1,0,1,2,2,0,1
214,0,2,30.0,0,0,13.0,1,1,0,1,2,2,0,2
215,0,3,26.0,1,0,7.75,2,0,0,1,1,2,0,1
216,1,1,31.0,1,0,113.275,2,0,1,0,0,1,0,3
217,1,3,27.0,0,0,7.925,1,1,0,0,2,1,0,2
218,0,2,42.0,1,0,27.0,2,0,0,1,2,2,2,0
219,1,1,32.0,0,0,76.2917,1,1,1,0,0,1,0,3
220,0,2,30.0,0,0,10.5,1,1,0,1,2,2,0,2
221,1,3,16.0,0,0,8.05,1,1,0,1,2,2,4,2
222,0,2,27.0,0,0,13.0,1,1,0,1,2,2,0,2
223,0,3,51.0,0,0,8.05,1,1,0,1,2,2,2,2
224,0,3,26.0,0,0,7.8958,1,1,0,1,2,2,0,1
225,1,1,38.0,1,0,90.0,2,0,1,1,2,2,2,3
226,0,3,22.0,0,0,9.35,1,1,0,1,2,2,0,2
227,1,2,19.0,0,0,10.5,1,1,0,1,2,2,0,2
228,0,3,20.5,0,0,7.25,1,1,0,1,2,2,0,1
229,0,2,18.0,0,0,13.0,1,1,0,1,2,2,4,2
230,0,3,18.0,3,1,25.4667,5,0,0,0,2,1,4,0
231,1,1,35.0,1,0,83.475,2,0,1,0,2,3,0,3
232,0,3,29.0,0,0,7.775,1,1,0,1,2,2,0,1
233,0,2,59.0,0,0,13.5,1,1,0,1,2,2,2,2
234,1,3,5.0,4,2,31.3875,7,0,0,0,2,1,1,3
235,0,2,24.0,0,0,10.5,1,1,0,1,2,2,0,2
236,0,3,18.0,0,0,7.55,1,1,0,0,2,1,4,1
237,0,2,44.0,1,0,26.0,2,0,0,1,2,2,2,0
238,1,2,8.0,0,2,26.25,3,0,0,0,2,1,1,0
239,0,2,19.0,0,0,10.5,1,1,0,1,2,2,0,2
240,0,2,33.0,0,0,12.275,1,1,0,1,2,2,0,2
241,0,3,18.0,1,0,14.4542,2,0,0,0,0,1,4,2
242,1,3,18.0,1,0,15.5,2,0,0,0,1,1,4,0
243,0,2,29.0,0,0,10.5,1,1,0,1,2,2,0,2
244,0,3,22.0,0,0,7.125,1,1,0,1,2,2,0,1
245,0,3,30.0,0,0,7.225,1,1,0,1,0,2,0,1
246,0,1,44.0,2,0,90.0,3,0,1,1,1,4,2,3
247,0,3,25.0,0,0,7.775,1,1,0,0,2,1,0,1
248,1,2,24.0,0,2,14.5,3,0,0,0,2,3,0,0
249,1,1,37.0,1,1,52.5542,3,0,1,1,2,2,2,3
250,0,2,54.0,1,0,26.0,2,0,0,1,2,4,2,0
251,0,3,26.0,0,0,7.25,1,1,0,1,2,2,0,1
252,0,3,29.0,1,1,10.4625,3,0,1,0,2,3,0,2
253,0,1,62.0,0,0,26.55,1,1,1,1,2,2,3,0
254,0,3,30.0,1,0,16.1,2,0,0,1,2,2,0,0
255,0,3,41.0,0,2,20.2125,3,0,0,0,2,3,2,0
256,1,3,29.0,0,2,15.2458,3,0,0,0,0,3,0,0
257,1,1,40.0,0,0,79.2,1,1,0,0,0,3,2,3
258,1,1,30.0,0,0,86.5,1,1,1,0,2,1,0,3
259,1,1,35.0,0,0,512.3292,1,1,0,0,0,1,0,3
260,1,2,50.0,0,1,26.0,2,0,0,0,2,3,2,0
261,0,3,26.0,0,0,7.75,1,1,0,1,1,2,0,1
262,1,3,3.0,4,2,31.3875,7,0,0,1,2,0,1,3
263,0,1,52.0,1,1,79.65,3,0,1,1,2,2,2,3
264,0,1,40.0,0,0,0.0,1,1,1,1,2,2,2,1
265,0,3,18.0,0,0,7.75,1,1,0,0,1,1,4,1
266,0,2,36.0,0,0,10.5,1,1,0,1,2,2,2,2
267,0,3,16.0,4,1,39.6875,6,0,0,1,2,2,4,3
268,1,3,25.0,1,0,7.775,2,0,0,1,2,2,0,1
269,1,1,58.0,0,1,153.4625,2,0,1,0,2,3,2,3
270,1,1,35.0,0,0,135.6333,1,1,1,0,2,1,0,3
271,0,1,40.0,0,0,31.0,1,1,0,1,2,2,2,0
272,1,3,25.0,0,0,0.0,1,1,0,1,2,2,0,1
273,1,2,41.0,0,1,19.5,2,0,0,0,2,3,2,0
274,0,1,37.0,0,1,29.7,2,0,1,1,0,2,2,0
275,1,3,18.0,0,0,7.75,1,1,0,0,1,1,4,1
276,1,1,63.0,1,0,77.9583,2,0,1,0,2,1,3,3
277,0,3,45.0,0,0,7.75,1,1,0,0,2,1,2,1
278,0,2,31.0,0,0,0.0,1,1,0,1,2,2,0,1
279,0,3,7.0,4,1,29.125,6,0,0,1,1,0,1,0
280,1,3,35.0,1,1,20.25,3,0,0,0,2,3,0,0
281,0,3,65.0,0,0,7.75,1,1,0,1,1,2,3,1
282,0,3,28.0,0,0,7.8542,1,1,0,1,2,2,0,1
283,0,3,16.0,0,0,9.5,1,1,0,1,2,2,4,2
284,1,3,19.0,0,0,8.05,1,1,0,1,2,2,0,2
285,0,1,40.0,0,0,26.0,1,1,1,1,2,2,2,0
286,0,3,33.0,0,0,8.6625,1,1,0,1,0,2,0,2
287,1,3,30.0,0,0,9.5,1,1,0,1,2,2,0,2
288,0,3,22.0,0,0,7.8958,1,1,0,1,2,2,0,1
289,1,2,42.0,0,0,13.0,1,1,0,1,2,2,2,2
290,1,3,22.0,0,0,7.75,1,1,0,0,1,1,0,1
291,1,1,26.0,0,0,78.85,1,1,0,0,2,1,0,3
292,1,1,19.0,1,0,91.0792,2,0,1,0,0,3,0,3
293,0,2,36.0,0,0,12.875,1,1,1,1,0,2,2,2
294,0,3,24.0,0,0,8.85,1,1,0,0,2,1,0,2
295,0,3,24.0,0,0,7.8958,1,1,0,1,2,2,0,1
296,0,1,40.0,0,0,27.7208,1,1,0,1,0,2,2,0
297,0,3,23.5,0,0,7.2292,1,1,0,1,0,2,0,1
298,0,1,2.0,1,2,151.55,4,0,1,0,2,1,1,3
299,1,1,40.0,0,0,30.5,1,1,1,1,2,2,2,0
300,1,1,50.0,0,1,247.5208,2,0,1,0,0,3,2,3
301,1,3,18.0,0,0,7.75,1,1,0,0,1,1,4,1
302,1,3,26.0,2,0,23.25,3,0,0,1,1,2,0,0
303,0,3,19.0,0,0,0.0,1,1,0,1,2,2,0,1
304,1,2,24.0,0,0,12.35,1,1,1,0,1,1,0,2
305,0,3,26.0,0,0,8.05,1,1,0,1,2,2,0,2
306,1,1,0.92,1,2,151.55,4,0,1,1,2,0,1,3
307,1,1,30.0,0,0,110.8833,1,1,0,0,0,1,0,3
308,1,1,17.0,1,0,108.9,2,0,1,0,0,3,4,3
309,0,2,30.0,1,0,24.0,2,0,0,1,0,2,0,0
310,1,1,30.0,0,0,56.9292,1,1,1,0,0,1,0,3
311,1,1,24.0,0,0,83.1583,1,1,1,0,0,1,0,3
312,1,1,18.0,2,2,262.375,5,0,1,0,0,1,4,3
313,0,2,26.0,1,1,26.0,3,0,0,0,2,3,0,0
314,0,3,28.0,0,0,7.8958,1,1,0,1,2,2,0,1
315,0,2,43.0,1,1,26.25,3,0,0,1,2,2,2,0
316,1,3,26.0,0,0,7.8542,1,1,0,0,2,1,0,1
317,1,2,24.0,1,0,26.0,2,0,0,0,2,3,0,0
318,0,2,54.0,0,0,14.0,1,1,0,1,2,4,2,2
319,1,1,31.0,0,2,164.8667,3,0,1,0,2,1,0,3
320,1,1,40.0,1,1,134.5,3,0,1,0,0,3,2,3
321,0,3,22.0,0,0,7.25,1,1,0,1,2,2,0,1
322,0,3,27.0,0,0,7.8958,1,1,0,1,2,2,0,1
323,1,2,30.0,0,0,12.35,1,1,0,0,1,1,0,2
324,1,2,22.0,1,1,29.0,3,0,0,0,2,3,0,0
325,0,3,26.0,8,2,69.55,11,0,0,1,2,2,0,3
326,1,1,36.0,0,0,135.6333,1,1,1,0,0,1,2,3
327,0,3,61.0,0,0,6.2375,1,1,0,1,2,2,3,1
328,1,2,36.0,0,0,13.0,1,1,1,0,2,3,2,2
329,1,3,31.0,1,1,20.525,3,0,0,0,2,3,0,0
330,1,1,16.0,0,1,57.9792,2,0,1,0,0,1,4,3
331,1,3,18.0,2,0,23.25,3,0,0,0,1,1,4,0
332,0,1,45.5,0,0,28.5,1,1,1,1,2,2,2,0
333,0,1,38.0,0,1,153.4625,2,0,1,1,2,2,2,3
334,0,3,16.0,2,0,18.0,3,0,0,1,2,2,4,0
335,1,1,40.0,1,0,133.65,2,0,0,0,2,3,2,3
336,0,3,26.0,0,0,7.8958,1,1,0,1,2,2,0,1
337,0,1,29.0,1,0,66.6,2,0,1,1,2,2,0,3
338,1,1,41.0,0,0,134.5,1,1,1,0,0,1,2,3
339,1,3,45.0,0,0,8.05,1,1,0,1,2,2,2,2
340,0,1,45.0,0,0,35.5,1,1,1,1,2,2,2,3
341,1,2,2.0,1,1,26.0,3,0,1,1,2,0,1,0
342,1,1,24.0,3,2,263.0,6,0,1,0,2,1,0,3
343,0,2,28.0,0,0,13.0,1,1,0,1,2,2,0,2
344,0,2,25.0,0,0,13.0,1,1,0,1,2,2,0,2
345,0,2,36.0,0,0,13.0,1,1,0,1,2,2,2,2
346,1,2,24.0,0,0,13.0,1,1,1,0,2,1,0,2
347,1,2,40.0,0,0,13.0,1,1,0,0,2,1,2,2
348,1,3,31.0,1,0,16.1,2,0,0,0,2,3,0,0
349,1,3,3.0,1,1,15.9,3,0,0,1,2,0,1,0
350,0,3,42.0,0,0,8.6625,1,1,0,1,2,2,2,2
351,0,3,23.0,0,0,9.225,1,1,0,1,2,2,0,2
352,0,1,40.0,0,0,35.0,1,1,1,1,2,2,2,3
353,0,3,15.0,1,1,7.2292,3,0,0,1,0,2,4,1
354,0,3,25.0,1,0,17.8,2,0,0,1,2,2,0,0
355,0,3,26.0,0,0,7.225,1,1,0,1,0,2,0,1
356,0,3,28.0,0,0,9.5,1,1,0,1,2,2,0,2
357,1,1,22.0,0,1,55.0,2,0,1,0,2,1,0,3
358,0,2,38.0,0,0,13.0,1,1,0,0,2,1,2,2
359,1,3,18.0,0,0,7.8792,1,1,0,0,1,1,4,1
360,1,3,18.0,0,0,7.8792,1,1,0,0,1,1,4,1
361,0,3,40.0,1,4,27.9,6,0,0,1,2,2,2,0
362,0,2,29.0,1,0,27.7208,2,0,0,1,0,2,0,0
363,0,3,45.0,0,1,14.4542,2,0,0,0,0,3,2,2
364,0,3,35.0,0,0,7.05,1,1,0,1,2,2,0,1
365,0,3,26.0,1,0,15.5,2,0,0,1,1,2,0,0
366,0,3,30.0,0,0,7.25,1,1,0,1,2,2,0,1
367,1,1,60.0,1,0,75.25,2,0,1,0,0,3,2,3
368,1,3,31.0,0,0,7.2292,1,1,0,0,0,3,0,1
369,1,3,18.0,0,0,7.75,1,1,0,0,1,1,4,1
370,1,1,24.0,0,0,69.3,1,1,1,0,0,3,0,3
371,1,1,25.0,1,0,55.4417,2,0,1,1,0,2,0,3
372,0,3,18.0,1,0,6.4958,2,0,0,1,2,2,4,1
373,0,3,19.0,0,0,8.05,1,1,0,1,2,2,0,2
374,0,1,22.0,0,0,135.6333,1,1,0,1,0,2,0,3
375,0,3,3.0,3,1,21.075,5,0,0,0,2,1,1,0
376,1,1,40.0,1,0,82.1708,2,0,0,0,0,3,2,3
377,1,3,22.0,0,0,7.25,1,1,0,0,2,1,0,1
378,0,1,27.0,0,2,211.5,3,0,1,1,0,2,0,3
379,0,3,20.0,0,0,4.0125,1,1,0,1,0,2,0,1
380,0,3,19.0,0,0,7.775,1,1,0,1,2,2,0,1
381,1,1,42.0,0,0,227.525,1,1,0,0,0,1,2,3
382,1,3,1.0,0,2,15.7417,3,0,0,0,0,1,1,0
383,0,3,32.0,0,0,7.925,1,1,0,1,2,2,0,2
384,1,1,35.0,1,0,52.0,2,0,0,0,2,3,0,3
385,0,3,26.0,0,0,7.8958,1,1,0,1,2,2,0,1
386,0,2,18.0,0,0,73.5,1,1,0,1,2,2,4,3
387,0,3,1.0,5,2,46.9,8,0,0,1,2,0,1,3
388,1,2,36.0,0,0,13.0,1,1,0,0,2,1,2,2
389,0,3,26.0,0,0,7.7292,1,1,0,1,1,2,0,1
390,1,2,17.0,0,0,12.0,1,1,0,0,0,1,4,2
391,1,1,36.0,1,2,120.0,4,0,1,1,2,2,2,3
392,1,3,21.0,0,0,7.7958,1,1,0,1,2,2,0,1
393,0,3,28.0,2,0,7.925,3,0,0,1,2,2,0,2
394,1,1,23.0,1,0,113.275,2,0,1,0,0,1,0,3
395,1,3,24.0,0,2,16.7,3,0,1,0,2,3,0,0
396,0,3,22.0,0,0,7.7958,1,1,0,1,2,2,0,1
397,0,3,31.0,0,0,7.8542,1,1,0,0,2,1,0,1
398,0,2,46.0,0,0,26.0,1,1,0,1,2,2,2,0
399,0,2,23.0,0,0,10.5,1,1,0,1,2,4,0,2
400,1,2,28.0,0,0,12.65,1,1,0,0,2,3,0,2
401,1,3,39.0,0,0,7.925,1,1,0,1,2,2,2,2
402,0,3,26.0,0,0,8.05,1,1,0,1,2,2,0,2
403,0,3,21.0,1,0,9.825,2,0,0,0,2,1,0,2
404,0,3,28.0,1,0,15.85,2,0,0,1,2,2,0,0
405,0,3,20.0,0,0,8.6625,1,1,0,0,2,1,0,2
406,0,2,34.0,1,0,21.0,2,0,0,1,2,2,0,0
407,0,3,51.0,0,0,7.75,1,1,0,1,2,2,2,1
408,1,2,3.0,1,1,18.75,3,0,0,1,2,0,1,0
409,0,3,21.0,0,0,7.775,1,1,0,1,2,2,0,1
410,0,3,18.0,3,1,25.4667,5,0,0,0,2,1,4,0
411,0,3,26.0,0,0,7.8958,1,1,0,1,2,2,0,1
412,0,3,26.0,0,0,6.8583,1,1,0,1,1,2,0,1
413,1,1,33.0,1,0,90.0,2,0,1,0,1,1,0,3
414,0,2,31.0,0,0,0.0,1,1,0,1,2,2,0,1
415,1,3,44.0,0,0,7.925,1,1,0,1,2,2,2,2
416,0,3,31.0,0,0,8.05,1,1,0,0,2,3,0,2
417,1,2,34.0,1,1,32.5,3,0,0,0,2,3,0,3
418,1,2,18.0,0,2,13.0,3,0,0,0,2,1,4,2
419,0,2,30.0,0,0,13.0,1,1,0,1,2,2,0,2
420,0,3,10.0,0,2,24.15,3,0,0,0,2,1,1,0
421,0,3,26.0,0,0,7.8958,1,1,0,1,0,2,0,1
422,0,3,21.0,0,0,7.7333,1,1,0,1,1,2,0,1
423,0,3,29.0,0,0,7.875,1,1,0,1,2,2,0,1
424,0,3,28.0,1,1,14.4,3,0,0,0,2,3,0,2
425,0,3,18.0,1,1,20.2125,3,0,0,1,2,2,4,0
426,0,3,26.0,0,0,7.25,1,1,0,1,2,2,0,1
427,1,2,28.0,1,0,26.0,2,0,0,0,2,3,0,0
428,1,2,19.0,0,0,26.0,1,1,0,0,2,1,0,0
429,0,3,26.0,0,0,7.75,1,1,0,1,1,2,0,1
430,1,3,32.0,0,0,8.05,1,1,1,1,2,2,0,2
431,1,1,28.0,0,0,26.55,1,1,1,1,2,2,0,0
432,1,3,31.0,1,0,16.1,2,0,0,0,2,3,0,0
433,1,2,42.0,1,0,26.0,2,0,0,0,2,3,2,0
434,0,3,17.0,0,0,7.125,1,1,0,1,2,2,4,1
435,0,1,50.0,1,0,55.9,2,0,1,1,2,2,2,3
436,1,1,14.0,1,2,120.0,4,0,1,0,2,1,4,3
437,0,3,21.0,2,2,34.375,5,0,0,0,2,1,0,3
438,1,2,24.0,2,3,18.75,6,0,0,0,2,3,0,0
439,0,1,64.0,1,4,263.0,6,0,1,1,2,2,3,3
440,0,2,31.0,0,0,10.5,1,1,0,1,2,2,0,2
441,1,2,45.0,1,1,26.25,3,0,0,0,2,3,2,0
442,0,3,20.0,0,0,9.5,1,1,0,1,2,2,0,2
443,0,3,25.0,1,0,7.775,2,0,0,1,2,2,0,1
444,1,2,28.0,0,0,13.0,1,1,0,0,2,1,0,2
445,1,3,26.0,0,0,8.1125,1,1,0,1,2,2,0,2
446,1,1,4.0,0,2,81.8583,3,0,1,1,2,0,1,3
447,1,2,13.0,0,1,19.5,2,0,0,0,2,1,4,0
448,1,1,34.0,0,0,26.55,1,1,0,1,2,2,0,0
449,1,3,5.0,2,1,19.2583,4,0,0,0,0,1,1,0
450,1,1,52.0,0,0,30.5,1,1,1,1,2,4,2,0
451,0,2,36.0,1,2,27.75,4,0,0,1,2,2,2,0
452,0,3,26.0,1,0,19.9667,2,0,0,1,2,2,0,0
453,0,1,30.0,0,0,27.75,1,1,1,1,0,2,0,0
454,1,1,49.0,1,0,89.1042,2,0,1,1,0,2,2,3
455,0,3,26.0,0,0,8.05,1,1,0,1,2,2,0,2
456,1,3,29.0,0,0,7.8958,1,1,0,1,0,2,0,1
457,0,1,65.0,0,0,26.55,1,1,1,1,2,2,3,0
458,1,1,40.0,1,0,51.8625,2,0,1,0,2,3,2,3
459,1,2,50.0,0,0,10.5,1,1,0,0,2,1,2,2
460,0,3,26.0,0,0,7.75,1,1,0,1,1,2,0,1
461,1,1,48.0,0,0,26.55,1,1,1,1,2,2,2,0
462,0,3,34.0,0,0,8.05,1,1,0,1,2,2,0,2
463,0,1,47.0,0,0,38.5,1,1,1,1,2,2,2,3
464,0,2,48.0,0,0,13.0,1,1,0,1,2,2,2,2
465,0,3,26.0,0,0,8.05,1,1,0,1,2,2,0,2
466,0,3,38.0,0,0,7.05,1,1,0,1,2,2,2,1
467,0,2,31.0,0,0,0.0,1,1,0,1,2,2,0,1
468,0,1,56.0,0,0,26.55,1,1,0,1,2,2,2,0
469,0,3,26.0,0,0,7.725,1,1,0,1,1,2,0,1
470,1,3,0.75,2,1,19.2583,4,0,0,0,0,1,1,0
471,0,3,26.0,0,0,7.25,1,1,0,1,2,2,0,1
472,0,3,38.0,0,0,8.6625,1,1,0,1,2,2,2,2
473,1,2,33.0,1,2,27.75,4,0,0,0,2,3,0,0
474,1,2,23.0,0,0,13.7917,1,1,1,0,0,3,0,2
475,0,3,22.0,0,0,9.8375,1,1,0,0,2,1,0,2
476,0,1,40.0,0,0,52.0,1,1,1,1,2,2,2,3
477,0,2,34.0,1,0,21.0,2,0,0,1,2,2,0,0
478,0,3,29.0,1,0,7.0458,2,0,0,1,2,2,0,1
479,0,3,22.0,0,0,7.5208,1,1,0,1,2,2,0,1
480,1,3,2.0,0,1,12.2875,2,0,0,0,2,1,1,2
481,0,3,9.0,5,2,46.9,8,0,0,1,2,0,1,3
482,0,2,31.0,0,0,0.0,1,1,0,1,2,2,0,1
483,0,3,50.0,0,0,8.05,1,1,0,1,2,2,2,2
484,1,3,63.0,0,0,9.5875,1,1,0,0,2,3,3,2
485,1,1,25.0,1,0,91.0792,2,0,1,1,0,2,0,3
486,0,3,18.0,3,1,25.4667,5,0,0,0,2,1,4,0
487,1,1,35.0,1,0,90.0,2,0,1,0,2,3,0,3
488,0,1,58.0,0,0,29.7,1,1,1,1,0,2,2,0
489,0,3,30.0,0,0,8.05,1,1,0,1,2,2,0,2
490,1,3,9.0,1,1,15.9,3,0,0,1,2,0,1,0
491,0,3,26.0,1,0,19.9667,2,0,0,1,2,2,0,0
492,0,3,21.0,0,0,7.25,1,1,0,1,2,2,0,1
493,0,1,55.0,0,0,30.5,1,1,1,1,2,2,2,0
494,0,1,71.0,0,0,49.5042,1,1,0,1,0,2,3,3
495,0,3,21.0,0,0,8.05,1,1,0,1,2,2,0,2
496,0,3,26.0,0,0,14.4583,1,1,0,1,0,2,0,0
497,1,1,54.0,1,0,78.2667,2,0,1,0,0,1,2,3
498,0,3,26.0,0,0,15.1,1,1,0,1,2,2,0,0
499,0,1,25.0,1,2,151.55,4,0,1,0,2,3,0,3
500,0,3,24.0,0,0,7.7958,1,1,0,1,2,2,0,1
501,0,3,17.0,0,0,8.6625,1,1,0,1,2,2,4,2
502,0,3,21.0,0,0,7.75,1,1,0,0,1,1,0,1
503,0,3,18.0,0,0,7.6292,1,1,0,0,1,1,4,1
504,0,3,37.0,0,0,9.5875,1,1,0,0,2,1,2,2
505,1,1,16.0,0,0,86.5,1,1,1,0,2,1,4,3
506,0,1,18.0,1,0,108.9,2,0,1,1,0,2,4,3
507,1,2,33.0,0,2,26.0,3,0,0,0,2,3,0,0
508,1,1,40.0,0,0,26.55,1,1,0,1,2,2,2,0
509,0,3,28.0,0,0,22.525,1,1,0,1,2,2,0,0
510,1,3,26.0,0,0,56.4958,1,1,0,1,2,2,0,3
511,1,3,29.0,0,0,7.75,1,1,0,1,1,2,0,1
512,0,3,26.0,0,0,8.05,1,1,0,1,2,2,0,2
513,1,1,36.0,0,0,26.2875,1,1,1,1,2,2,2,0
514,1,1,54.0,1,0,59.4,2,0,0,0,0,3,2,3
515,0,3,24.0,0,0,7.4958,1,1,0,1,2,2,0,1
516,0,1,47.0,0,0,34.0208,1,1,1,1,2,2,2,3
517,1,2,34.0,0,0,10.5,1,1,1,0,2,3,0,2
518,0,3,26.0,0,0,24.15,1,1,0,1,1,2,0,0
519,1,2,36.0,1,0,26.0,2,0,0,0,2,3,2,0
520,0,3,32.0,0,0,7.8958,1,1,0,1,2,2,0,1
521,1,1,30.0,0,0,93.5,1,1,1,0,2,1,0,3
522,0,3,22.0,0,0,7.8958,1,1,0,1,2,2,0,1
523,0,3,26.0,0,0,7.225,1,1,0,1,0,2,0,1
524,1,1,44.0,0,1,57.9792,2,0,1,0,0,3,2,3
525,0,3,26.0,0,0,7.2292,1,1,0,1,0,2,0,1
526,0,3,40.5,0,0,7.75,1,1,0,1,1,2,2,1
527,1,2,50.0,0,0,10.5,1,1,0,0,2,1,2,2
528,0,1,40.0,0,0,221.7792,1,1,1,1,2,2,2,3
529,0,3,39.0,0,0,7.925,1,1,0,1,2,2,2,2
530,0,2,23.0,2,1,11.5,4,0,0,1,2,2,0,2
531,1,2,2.0,1,1,26.0,3,0,0,0,2,1,1,0
532,0,3,26.0,0,0,7.2292,1,1,0,1,0,2,0,1
533,0,3,17.0,1,1,7.2292,3,0,0,1,0,2,4,1
534,1,3,31.0,0,2,22.3583,3,0,0,0,0,3,0,0
535,0,3,30.0,0,0,8.6625,1,1,0,0,2,1,0,2
536,1,2,7.0,0,2,26.25,3,0,0,0,2,1,1,0
537,0,1,45.0,0,0,26.55,1,1,1,1,2,4,2,0
538,1,1,30.0,0,0,106.425,1,1,0,0,0,1,0,3
539,0,3,26.0,0,0,14.5,1,1,0,1,2,2,0,0
540,1,1,22.0,0,2,49.5,3,0,1,0,0,1,0,3
541,1,1,36.0,0,2,71.0,3,0,1,0,2,1,2,3
542,0,3,9.0,4,2,31.275,7,0,0,0,2,1,1,3
543,0,3,11.0,4,2,31.275,7,0,0,0,2,1,1,3
544,1,2,32.0,1,0,26.0,2,0,0,1,2,2,0,0
545,0,1,50.0,1,0,106.425,2,0,1,1,0,2,2,3
546,0,1,64.0,0,0,26.0,1,1,0,1,2,2,3,0
547,1,2,19.0,1,0,26.0,2,0,0,0,2,3,0,0
548,1,2,31.0,0,0,13.8625,1,1,0,1,0,2,0,2
549,0,3,33.0,1,1,20.525,3,0,0,1,2,2,0,0
550,1,2,8.0,1,1,36.75,3,0,0,1,2,0,1,3
551,1,1,17.0,0,2,110.8833,3,0,1,1,0,2,4,3
552,0,2,27.0,0,0,26.0,1,1,0,1,2,2,0,0
553,0,3,26.0,0,0,7.8292,1,1,0,1,1,2,0,1
554,1,3,22.0,0,0,7.225,1,1,0,1,0,2,0,1
555,1,3,22.0,0,0,7.775,1,1,0,0,2,1,0,1
556,0,1,62.0,0,0,26.55,1,1,0,1,2,2,3,0
557,1,1,48.0,1,0,39.6,2,0,1,0,0,4,2,3
558,0,1,40.0,0,0,227.525,1,1,0,1,0,2,2,3
559,1,1,39.0,1,1,79.65,3,0,1,0,2,3,2,3
560,1,3,36.0,1,0,17.4,2,0,0,0,2,3,2,0
561,0,3,26.0,0,0,7.75,1,1,0,1,1,2,0,1
562,0,3,40.0,0,0,7.8958,1,1,0,1,2,2,2,1
563,0,2,28.0,0,0,13.5,1,1,0,1,2,2,0,2
564,0,3,26.0,0,0,8.05,1,1,0,1,2,2,0,2
565,0,3,18.0,0,0,8.05,1,1,0,0,2,1,4,2
566,0,3,24.0,2,0,24.15,3,0,0,1,2,2,0,0
567,0,3,19.0,0,0,7.8958,1,1,0,1,2,2,0,1
568,0,3,29.0,0,4,21.075,5,0,0,0,2,3,0,0
569,0,3,26.0,0,0,7.2292,1,1,0,1,0,2,0,1
570,1,3,32.0,0,0,7.8542,1,1,0,1,2,2,0,1
571,1,2,62.0,0,0,10.5,1,1,0,1,2,2,3,2
572,1,1,53.0,2,0,51.4792,3,0,1,0,2,3,2,3
573,1,1,36.0,0,0,26.3875,1,1,1,1,2,2,2,0
574,1,3,18.0,0,0,7.75,1,1,0,0,1,1,4,1
575,0,3,16.0,0,0,8.05,1,1,0,1,2,2,4,2
576,0,3,19.0,0,0,14.5,1,1,0,1,2,2,0,0
577,1,2,34.0,0,0,13.0,1,1,0,0,2,1,0,2
578,1,1,39.0,1,0,55.9,2,0,1,0,2,3,2,3
579,0,3,31.0,1,0,14.4583,2,0,0,0,0,3,0,0
580,1,3,32.0,0,0,7.925,1,1,0,1,2,2,0,2
581,1,2,25.0,1,1,30.0,3,0,0,0,2,1,0,0
582,1,1,39.0,1,1,110.8833,3,0,1,0,0,3,2,3
583,0,2,54.0,0,0,26.0,1,1,0,1,2,2,2,0
584,0,1,36.0,0,0,40.125,1,1,1,1,0,2,2,3
585,0,3,26.0,0,0,8.7125,1,1,0,1,0,2,0,2
586,1,1,18.0,0,2,79.65,3,0,1,0,2,1,4,3
587,0,2,47.0,0,0,15.0,1,1,0,1,2,2,2,0
588,1,1,60.0,1,1,79.2,3,0,1,1,0,2,2,3
589,0,3,22.0,0,0,8.05,1,1,0,1,2,2,0,2
590,0,3,26.0,0,0,8.05,1,1,0,1,2,2,0,2
591,0,3,35.0,0,0,7.125,1,1,0,1,2,2,0,1
592,1,1,52.0,1,0,78.2667,2,0,1,0,0,3,2,3
593,0,3,47.0,0,0,7.25,1,1,0,1,2,2,2,1
594,0,3,18.0,0,2,7.75,3,0,0,0,1,1,4,1
595,0,2,37.0,1,0,26.0,2,0,0,1,2,2,2,0
596,0,3,36.0,1,1,24.15,3,0,0,1,2,2,2,0
597,1,2,24.0,0,0,33.0,1,1,0,0,2,1,0,3
598,0,3,49.0,0,0,0.0,1,1,0,1,2,2,2,1
599,0,3,26.0,0,0,7.225,1,1,0,1,0,2,0,1
600,1,1,49.0,1,0,56.9292,2,0,1,1,0,4,2,3
601,1,2,24.0,2,1,27.0,4,0,0,0,2,3,0,0
602,0,3,26.0,0,0,7.8958,1,1,0,1,2,2,0,1
603,0,1,40.0,0,0,42.4,1,1,0,1,2,2,2,3
604,0,3,44.0,0,0,8.05,1,1,0,1,2,2,2,2
605,1,1,35.0,0,0,26.55,1,1,0,1,0,2,0,0
606,0,3,36.0,1,0,15.55,2,0,0,1,2,2,2,0
607,0,3,30.0,0,0,7.8958,1,1,0,1,2,2,0,1
608,1,1,27.0,0,0,30.5,1,1,0,1,2,2,0,0
609,1,2,22.0,1,2,41.5792,4,0,0,0,0,3,0,3
610,1,1,40.0,0,0,153.4625,1,1,1,0,2,1,2,3
611,0,3,39.0,1,5,31.275,7,0,0,0,2,3,2,3
612,0,3,26.0,0,0,7.05,1,1,0,1,2,2,0,1
613,1,3,18.0,1,0,15.5,2,0,0,0,1,1,4,0
614,0,3,26.0,0,0,7.75,1,1,0,1,1,2,0,1
615,0,3,35.0,0,0,8.05,1,1,0,1,2,2,0,2
616,1,2,24.0,1,2,65.0,4,0,0,0,2,1,0,3
617,0,3,34.0,1,1,14.4,3,0,0,1,2,2,0,2
618,0,3,26.0,1,0,16.1,2,0,0,0,2,3,0,0
619,1,2,4.0,2,1,39.0,4,0,1,0,2,1,1,3
620,0,2,26.0,0,0,10.5,1,1,0,1,2,2,0,2
621,0,3,27.0,1,0,14.4542,2,0,0,1,0,2,0,2
622,1,1,42.0,1,0,52.5542,2,0,1,1,2,2,2,3
623,1,3,20.0,1,1,15.7417,3,0,0,1,0,2,0,0
624,0,3,21.0,0,0,7.8542,1,1,0,1,2,2,0,1
625,0,3,21.0,0,0,16.1,1,1,0,1,2,2,0,0
626,0,1,61.0,0,0,32.3208,1,1,1,1,2,2,3,3
627,0,2,57.0,0,0,12.35,1,1,0,1,1,4,2,2
628,1,1,21.0,0,0,77.9583,1,1,1,0,2,1,0,3
629,0,3,26.0,0,0,7.8958,1,1,0,1,2,2,0,1
630,0,3,26.0,0,0,7.7333,1,1,0,1,1,2,0,1
631,1,1,80.0,0,0,30.0,1,1,1,1,2,2,3,0
632,0,3,51.0,0,0,7.0542,1,1,0,1,2,2,2,1
633,1,1,32.0,0,0,30.5,1,1,1,1,0,4,0,0
634,0,1,40.0,0,0,0.0,1,1,0,1,2,2,2,1
635,0,3,9.0,3,2,27.9,6,0,0,0,2,1,1,0
636,1,2,28.0,0,0,13.0,1,1,0,0,2,1,0,2
637,0,3,32.0,0,0,7.925,1,1,0,1,2,2,0,2
638,0,2,31.0,1,1,26.25,3,0,0,1,2,2,0,0
639,0,3,41.0,0,5,39.6875,6,0,0,0,2,3,2,3
640,0,3,26.0,1,0,16.1,2,0,0,1,2,2,0,0
641,0,3,20.0,0,0,7.8542,1,1,0,1,2,2,0,1
642,1,1,24.0,0,0,69.3,1,1,1,0,0,1,0,3
643,0,3,2.0,3,2,27.9,6,0,0,0,2,1,1,0
644,1,3,26.0,0,0,56.4958,1,1,0,1,2,2,0,3
645,1,3,0.75,2,1,19.2583,4,0,0,0,0,1,1,0
646,1,1,48.0,1,0,76.7292,2,0,1,1,0,2,2,3
647,0,3,19.0,0,0,7.8958,1,1,0,1,2,2,0,1
648,1,1,56.0,0,0,35.5,1,1,1,1,0,4,2,3
649,0,3,26.0,0,0,7.55,1,1,0,1,2,2,0,1
650,1,3,23.0,0,0,7.55,1,1,0,0,2,1,0,1
651,0,3,26.0,0,0,7.8958,1,1,0,1,2,2,0,1
652,1,2,18.0,0,1,23.0,2,0,0,0,2,1,4,0
653,0,3,21.0,0,0,8.4333,1,1,0,1,2,2,0,2
654,1,3,18.0,0,0,7.8292,1,1,0,0,1,1,4,1
655,0,3,18.0,0,0,6.75,1,1,0,0,1,1,4,1
656,0,2,24.0,2,0,73.5,3,0,0,1,2,2,0,3
657,0,3,26.0,0,0,7.8958,1,1,0,1,2,2,0,1
658,0,3,32.0,1,1,15.5,3,0,0,0,1,3,0,0
659,0,2,23.0,0,0,13.0,1,1,0,1,2,2,0,2
660,0,1,58.0,0,2,113.275,3,0,1,1,0,2,2,3
661,1,1,50.0,2,0,133.65,3,0,0,1,2,4,2,3
662,0,3,40.0,0,0,7.225,1,1,0,1,0,2,2,1
663,0,1,47.0,0,0,25.5875,1,1,1,1,2,2,2,0
664,0,3,36.0,0,0,7.4958,1,1,0,1,2,2,2,1
665,1,3,20.0,1,0,7.925,2,0,0,1,2,2,0,2
666,0,2,32.0,2,0,73.5,3,0,0,1,2,2,0,3
667,0,2,25.0,0,0,13.0,1,1,0,1,2,2,0,2
668,0,3,26.0,0,0,7.775,1,1,0,1,2,2,0,1
669,0,3,43.0,0,0,8.05,1,1,0,1,2,2,2,2
670,1,1,40.0,1,0,52.0,2,0,1,0,2,3,2,3
671,1,2,40.0,1,1,39.0,3,0,0,0,2,3,2,3
672,0,1,31.0,1,0,52.0,2,0,1,1,2,2,0,3
673,0,2,70.0,0,0,10.5,1,1,0,1,2,2,3,2
674,1,2,31.0,0,0,13.0,1,1,0,1,2,2,0,2
675,0,2,31.0,0,0,0.0,1,1,0,1,2,2,0,1
676,0,3,18.0,0,0,7.775,1,1,0,1,2,2,4,1
677,0,3,24.5,0,0,8.05,1,1,0,1,2,2,0,2
678,1,3,18.0,0,0,9.8417,1,1,0,0,2,1,4,2
679,0,3,43.0,1,6,46.9,8,0,0,0,2,3,2,3
680,1,1,36.0,0,1,512.3292,2,0,1,1,0,2,2,3
681,0,3,18.0,0,0,8.1375,1,1,0,0,1,1,4,2
682,1,1,27.0,0,0,76.7292,1,1,1,1,0,2,0,3
683,0,3,20.0,0,0,9.225,1,1,0,1,2,2,0,2
684,0,3,14.0,5,2,46.9,8,0,0,1,2,2,4,3
685,0,2,60.0,1,1,39.0,3,0,0,1,2,2,2,3
686,0,2,25.0,1,2,41.5792,4,0,0,1,0,2,0,3
687,0,3,14.0,4,1,39.6875,6,0,0,1,2,2,4,3
688,0,3,19.0,0,0,10.1708,1,1,0,1,2,2,0,2
689,0,3,18.0,0,0,7.7958,1,1,0,1,2,2,4,1
690,1,1,15.0,0,1,211.3375,2,0,1,0,2,1,4,3
691,1,1,31.0,1,0,57.0,2,0,1,1,2,2,0,3
692,1,3,4.0,0,1,13.4167,2,0,0,0,0,1,1,2
693,1,3,26.0,0,0,56.4958,1,1,0,1,2,2,0,3
694,0,3,25.0,0,0,7.225,1,1,0,1,0,2,0,1
695,0,1,60.0,0,0,26.55,1,1,0,1,2,4,2,0
696,0,2,52.0,0,0,13.5,1,1,0,1,2,2,2,2
697,0,3,44.0,0,0,8.05,1,1,0,1,2,2,2,2
698,1,3,18.0,0,0,7.7333,1,1,0,0,1,1,4,1
699,0,1,49.0,1,1,110.8833,3,0,1,1,0,2,2,3
700,0,3,42.0,0,0,7.65,1,1,1,1,2,2,2,1
701,1,1,18.0,1,0,227.525,2,0,1,0,0,3,4,3
702,1,1,35.0,0,0,26.2875,1,1,1,1,2,2,0,0
703,0,3,18.0,0,1,14.4542,2,0,0,0,0,1,4,2
704,0,3,25.0,0,0,7.7417,1,1,0,1,1,2,0,1
705,0,3,26.0,1,0,7.8542,2,0,0,1,2,2,0,1
706,0,2,39.0,0,0,26.0,1,1,0,1,2,2,2,0
707,1,2,45.0,0,0,13.5,1,1,0,0,2,3,2,2
708,1,1,42.0,0,0,26.2875,1,1,1,1,2,2,2,0
709,1,1,22.0,0,0,151.55,1,1,0,0,2,1,0,3
710,1,3,4.0,1,1,15.2458,3,0,0,1,0,0,1,0
711,1,1,24.0,0,0,49.5042,1,1,1,0,0,1,0,3
712,0,1,40.0,0,0,26.55,1,1,1,1,2,2,2,0
713,1,1,48.0,1,0,52.0,2,0,1,1,2,2,2,3
714,0,3,29.0,0,0,9.4833,1,1,0,1,2,2,0,2
715,0,2,52.0,0,0,13.0,1,1,0,1,2,2,2,2
716,0,3,19.0,0,0,7.65,1,1,1,1,2,2,0,1
717,1,1,38.0,0,0,227.525,1,1,1,0,0,1,2,3
718,1,2,27.0,0,0,10.5,1,1,1,0,2,1,0,2
719,0,3,26.0,0,0,15.5,1,1,0,1,1,2,0,0
720,0,3,33.0,0,0,7.775,1,1,0,1,2,2,0,1
721,1,2,6.0,0,1,33.0,2,0,0,0,2,1,1,3
722,0,3,17.0,1,0,7.0542,2,0,0,1,2,2,4,1
723,0,2,34.0,0,0,13.0,1,1,0,1,2,2,0,2
724,0,2,50.0,0,0,13.0,1,1,0,1,2,2,2,2
725,1,1,27.0,1,0,53.1,2,0,1,1,2,2,0,3
726,0,3,20.0,0,0,8.6625,1,1,0,1,2,2,0,2
727,1,2,30.0,3,0,21.0,4,0,0,0,2,3,0,0
728,1,3,18.0,0,0,7.7375,1,1,0,0,1,1,4,1
729,0,2,25.0,1,0,26.0,2,0,0,1,2,2,0,0
730,0,3,25.0,1,0,7.925,2,0,0,0,2,1,0,2
731,1,1,29.0,0,0,211.3375,1,1,1,0,2,1,0,3
732,0,3,11.0,0,0,18.7875,1,1,0,1,0,2,1,0
733,0,2,31.0,0,0,0.0,1,1,0,1,2,2,0,1
734,0,2,23.0,0,0,13.0,1,1,0,1,2,2,0,2
735,0,2,23.0,0,0,13.0,1,1,0,1,2,2,0,2
736,0,3,28.5,0,0,16.1,1,1,0,1,2,2,0,0
737,0,3,48.0,1,3,34.375,5,0,0,0,2,3,2,3
738,1,1,35.0,0,0,512.3292,1,1,1,1,0,2,0,3
739,0,3,26.0,0,0,7.8958,1,1,0,1,2,2,0,1
740,0,3,26.0,0,0,7.8958,1,1,0,1,2,2,0,1
741,1,1,40.0,0,0,30.0,1,1,1,1,2,2,2,0
742,0,1,36.0,1,0,78.85,2,0,1,1,2,2,2,3
743,1,1,21.0,2,2,262.375,5,0,1,0,0,1,0,3
744,0,3,24.0,1,0,16.1,2,0,0,1,2,2,0,0
745,1,3,31.0,0,0,7.925,1,1,0,1,2,2,0,2
746,0,1,70.0,1,1,71.0,3,0,1,1,2,4,3,3
747,0,3,16.0,1,1,20.25,3,0,0,1,2,2,4,0
748,1,2,30.0,0,0,13.0,1,1,0,0,2,1,0,2
749,0,1,19.0,1,0,53.1,2,0,1,1,2,2,0,3
750,0,3,31.0,0,0,7.75,1,1,0,1,1,2,0,1
751,1,2,4.0,1,1,23.0,3,0,0,0,2,1,1,0
752,1,3,6.0,0,1,12.475,2,0,1,1,2,0,1,2
753,0,3,33.0,0,0,9.5,1,1,0,1,2,2,0,2
754,0,3,23.0,0,0,7.8958,1,1,0,1,2,2,0,1
755,1,2,48.0,1,2,65.0,4,0,0,0,2,3,2,3
756,1,2,0.67,1,1,14.5,3,0,0,1,2,0,1,0
757,0,3,28.0,0,0,7.7958,1,1,0,1,2,2,0,1
758,0,2,18.0,0,0,11.5,1,1,0,1,2,2,4,2
759,0,3,34.0,0,0,8.05,1,1,0,1,2,2,0,2
760,1,1,33.0,0,0,86.5,1,1,1,0,2,4,0,3
761,0,3,26.0,0,0,14.5,1,1,0,1,2,2,0,0
762,0,3,41.0,0,0,7.125,1,1,0,1,2,2,2,1
763,1,3,20.0,0,0,7.2292,1,1,0,1,0,2,0,1
764,1,1,36.0,1,2,120.0,4,0,1,0,2,3,2,3
765,0,3,16.0,0,0,7.775,1,1,0,1,2,2,4,1
766,1,1,51.0,1,0,77.9583,2,0,1,0,2,3,2,3
767,0,1,48.5,0,0,39.6,1,1,0,1,0,4,2,3
768,0,3,30.5,0,0,7.75,1,1,0,0,1,1,0,1
769,0,3,26.0,1,0,24.15,2,0,0,1,1,2,0,0
770,0,3,32.0,0,0,8.3625,1,1,0,1,2,2,0,2
771,0,3,24.0,0,0,9.5,1,1,0,1,2,2,0,2
772,0,3,48.0,0,0,7.8542,1,1,0,1,2,2,2,1
773,0,2,57.0,0,0,10.5,1,1,1,0,2,3,2,2
774,0,3,26.0,0,0,7.225,1,1,0,1,0,2,0,1
775,1,2,54.0,1,3,23.0,5,0,0,0,2,3,2,0
776,0,3,18.0,0,0,7.75,1,1,0,1,2,2,4,1
777,0,3,26.0,0,0,7.75,1,1,1,1,1,2,0,1
778,1,3,5.0,0,0,12.475,1,1,0,0,2,1,1,2
779,0,3,26.0,0,0,7.7375,1,1,0,1,1,2,0,1
780,1,1,43.0,0,1,211.3375,2,0,1,0,2,3,2,3
781,1,3,13.0,0,0,7.2292,1,1,0,0,0,1,4,1
782,1,1,17.0,1,0,57.0,2,0,1,0,2,3,4,3
783,0,1,29.0,0,0,30.0,1,1,1,1,2,2,0,0
784,0,3,26.0,1,2,23.45,4,0,0,1,2,2,0,0
785,0,3,25.0,0,0,7.05,1,1,0,1,2,2,0,1
786,0,3,25.0,0,0,7.25,1,1,0,1,2,2,0,1
787,1,3,18.0,0,0,7.4958,1,1,0,0,2,1,4,1
788,0,3,8.0,4,1,29.125,6,0,0,1,1,0,1,0
789,1,3,1.0,1,2,20.575,4,0,0,1,2,0,1,0
790,0,1,46.0,0,0,79.2,1,1,1,1,0,2,2,3
791,0,3,26.0,0,0,7.75,1,1,0,1,1,2,0,1
792,0,2,16.0,0,0,26.0,1,1,0,1,2,2,4,0
793,0,3,18.0,8,2,69.55,11,0,0,0,2,1,4,3
794,0,1,40.0,0,0,30.6958,1,1,0,1,0,2,2,0
795,0,3,25.0,0,0,7.8958,1,1,0,1,2,2,0,1
796,0,2,39.0,0,0,13.0,1,1,0,1,2,2,2,2
797,1,1,49.0,0,0,25.9292,1,1,1,0,2,4,2,0
798,1,3,31.0,0,0,8.6833,1,1,0,0,2,3,0,2
799,0,3,30.0,0,0,7.2292,1,1,0,1,0,2,0,1
800,0,3,30.0,1,1,24.15,3,0,0,0,2,3,0,0
801,0,2,34.0,0,0,13.0,1,1,0,1,2,2,0,2
802,1,2,31.0,1,1,26.25,3,0,0,0,2,3,0,0
803,1,1,11.0,1,2,120.0,4,0,1,1,2,0,1,3
804,1,3,0.42,0,1,8.5167,2,0,0,1,0,0,1,2
805,1,3,27.0,0,0,6.975,1,1,0,1,2,2,0,1
806,0,3,31.0,0,0,7.775,1,1,0,1,2,2,0,1
807,0,1,39.0,0,0,0.0,1,1,1,1,2,2,2,1
808,0,3,18.0,0,0,7.775,1,1,0,0,2,1,4,1
809,0,2,39.0,0,0,13.0,1,1,0,1,2,2,2,2
810,1,1,33.0,1,0,53.1,2,0,1,0,2,3,0,3
811,0,3,26.0,0,0,7.8875,1,1,0,1,2,2,0,1
812,0,3,39.0,0,0,24.15,1,1,0,1,2,2,2,0
813,0,2,35.0,0,0,10.5,1,1,0,1,2,2,0,2
814,0,3,6.0,4,2,31.275,7,0,0,0,2,1,1,3
815,0,3,30.5,0,0,8.05,1,1,0,1,2,2,0,2
816,0,1,40.0,0,0,0.0,1,1,1,1,2,2,2,1
817,0,3,23.0,0,0,7.925,1,1,0,0,2,1,0,2
818,0,2,31.0,1,1,37.0042,3,0,0,1,0,2,0,3
819,0,3,43.0,0,0,6.45,1,1,0,1,2,2,2,1
820,0,3,10.0,3,2,27.9,6,0,0,1,2,0,1,0
821,1,1,52.0,1,1,93.5,3,0,1,0,2,3,2,3
822,1,3,27.0,0,0,8.6625,1,1,0,1,2,2,0,2
823,0,1,38.0,0,0,0.0,1,1,0,1,2,4,2,1
824,1,3,27.0,0,1,12.475,2,0,1,0,2,3,0,2
825,0,3,2.0,4,1,39.6875,6,0,0,1,2,0,1,3
826,0,3,26.0,0,0,6.95,1,1,0,1,1,2,0,1
827,0,3,26.0,0,0,56.4958,1,1,0,1,2,2,0,3
828,1,2,1.0,0,2,37.0042,3,0,0,1,0,0,1,3
829,1,3,26.0,0,0,7.75,1,1,0,1,1,2,0,1
830,1,1,62.0,0,0,80.0,1,1,1,0,2,3,3,3
831,1,3,15.0,1,0,14.4542,2,0,0,0,0,3,4,2
832,1,2,0.83,1,1,18.75,3,0,0,1,2,0,1,0
833,0,3,26.0,0,0,7.2292,1,1,0,1,0,2,0,1
834,0,3,23.0,0,0,7.8542,1,1,0,1,2,2,0,1
835,0,3,18.0,0,0,8.3,1,1,0,1,2,2,4,2
836,1,1,39.0,1,1,83.1583,3,0,1,0,0,1,2,3
837,0,3,21.0,0,0,8.6625,1,1,0,1,2,2,0,2
838,0,3,26.0,0,0,8.05,1,1,0,1,2,2,0,2
839,1,3,32.0,0,0,56.4958,1,1,0,1,2,2,0,3
840,1,1,40.0,0,0,29.7,1,1,1,1,0,2,2,0
841,0,3,20.0,0,0,7.925,1,1,0,1,2,2,0,2
842,0,2,16.0,0,0,10.5,1,1,0,1,2,2,4,2
843,1,1,30.0,0,0,31.0,1,1,0,0,0,1,0,0
844,0,3,34.5,0,0,6.4375,1,1,0,1,0,2,0,1
845,0,3,17.0,0,0,8.6625,1,1,0,1,2,2,4,2
846,0,3,42.0,0,0,7.55,1,1,0,1,2,2,2,1
847,0,3,26.0,8,2,69.55,11,0,0,1,2,2,0,3
848,0,3,35.0,0,0,7.8958,1,1,0,1,0,2,0,1
849,0,2,28.0,0,1,33.0,2,0,0,1,2,4,0,3
850,1,1,40.0,1,0,89.1042,2,0,1,0,0,3,2,3
851,0,3,4.0,4,2,31.275,7,0,0,1,2,0,1,3
852,0,3,74.0,0,0,7.775,1,1,0,1,2,2,3,1
853,0,3,9.0,1,1,15.2458,3,0,0,0,0,1,1,0
854,1,1,16.0,0,1,39.4,2,0,1,0,2,1,4,3
855,0,2,44.0,1,0,26.0,2,0,0,0,2,3,2,0
856,1,3,18.0,0,1,9.35,2,0,0,0,2,3,4,2
857,1,1,45.0,1,1,164.8667,3,0,0,0,2,3,2,3
858,1,1,51.0,0,0,26.55,1,1,1,1,2,2,2,0
859,1,3,24.0,0,3,19.2583,4,0,0,0,0,3,0,0
860,0,3,26.0,0,0,7.2292,1,1,0,1,0,2,0,1
861,0,3,41.0,2,0,14.1083,3,0,0,1,2,2,2,2
862,0,2,21.0,1,0,11.5,2,0,0,1,2,2,0,2
863,1,1,48.0,0,0,25.9292,1,1,1,0,2,3,2,0
864,0,3,18.0,8,2,69.55,11,0,0,0,2,1,4,3
865,0,2,24.0,0,0,13.0,1,1,0,1,2,2,0,2
866,1,2,42.0,0,0,13.0,1,1,0,0,2,3,2,2
867,1,2,27.0,1,0,13.8583,2,0,0,0,0,1,0,2
868,0,1,31.0,0,0,50.4958,1,1,1,1,2,2,0,3
869,0,3,26.0,0,0,9.5,1,1,0,1,2,2,0,2
870,1,3,4.0,1,1,11.1333,3,0,0,1,2,0,1,2
871,0,3,26.0,0,0,7.8958,1,1,0,1,2,2,0,1
872,1,1,47.0,1,1,52.5542,3,0,1,0,2,3,2,3
873,0,1,33.0,0,0,5.0,1,1,1,1,2,2,0,1
874,0,3,47.0,0,0,9.0,1,1,0,1,2,2,2,2
875,1,2,28.0,1,0,24.0,2,0,0,0,0,3,0,0
876,1,3,15.0,0,0,7.225,1,1,0,0,0,1,4,1
877,0,3,20.0,0,0,9.8458,1,1,0,1,2,2,0,2
878,0,3,19.0,0,0,7.8958,1,1,0,1,2,2,0,1
879,0,3,26.0,0,0,7.8958,1,1,0,1,2,2,0,1
880,1,1,56.0,0,1,83.1583,2,0,1,0,0,3,2,3
881,1,2,25.0,0,1,26.0,2,0,0,0,2,3,0,0
882,0,3,33.0,0,0,7.8958,1,1,0,1,2,2,0,1
883,0,3,22.0,0,0,10.5167,1,1,0,0,2,1,0,2
884,0,2,28.0,0,0,10.5,1,1,0,1,2,2,0,2
885,0,3,25.0,0,0,7.05,1,1,0,1,2,2,0,1
886,0,3,39.0,0,5,29.125,6,0,0,0,1,3,2,0
887,0,2,27.0,0,0,13.0,1,1,0,1,2,4,0,2
888,1,1,19.0,0,0,30.0,1,1,1,0,2,1,0,0
889,0,3,18.0,1,2,23.45,4,0,0,0,2,1,4,0
890,1,1,26.0,0,0,30.0,1,1,1,1,0,2,0,0
891,0,3,32.0,0,0,7.75,1,1,0,1,1,2,0,1
